# v_mps,w_radps,dt_s,cmd_v,cmd_w
0.05045580783995804,-0.0010247555974152937,0.05,0.55,0.0
0.06585116683158283,-0.0017250000000000002,0.05,0.55,0.0
0.08396708910560576,-0.0015875664655809628,0.05,0.55,0.0
0.10762948020982355,-0.0011771793037672865,0.05,0.55,0.0
0.1362260416045777,-0.0012187163974488884,0.05,0.55,0.0
0.1682671569095028,-0.0015562054369858114,0.05,0.55,0.0
0.2042056845003934,-0.0014625688434303696,0.05,0.55,0.0
0.3469623143269277,-0.0005708090935100853,0.05,0.55,0.0
0.3788431695454708,-0.0008520121827653206,0.05,0.55,0.0
0.40913146488007246,-0.0013082339897954318,0.05,0.55,0.0
0.4360921512875537,-0.0013791952789699569,0.05,0.55,0.0
0.4601579281158729,-0.001370809143470227,0.05,0.55,0.0
0.4805516443133048,-0.0008731750715307582,0.05,0.55,0.0
0.49913585755328793,0.00047469481665156663,0.05,0.55,0.0
0.5172924797766484,0.0013058227145822893,0.05,0.55,0.0
0.5308937810693212,0.0036617985933122725,0.05,0.55,0.0
0.5356563843356976,0.010543474995529593,0.05,0.55,0.0
0.5345811355562443,0.019148931858280482,0.05,0.55,0.0
0.5285170790810243,0.030035784074109395,0.05,0.55,0.0
0.5116751144655888,0.05051169337530405,0.05,0.55,0.0
0.48756854147061984,0.07655217120701362,0.05,0.55,0.0
0.4580384525058414,0.1040582047827953,0.05,0.0,1.1
0.4253025607473293,0.1328358352608737,0.05,0.0,1.1
0.3924274468021697,0.16372275198187997,0.05,0.0,1.1
0.35876956065573773,0.1972242402384501,0.05,0.0,1.1
0.3252489214657814,0.23033236913943755,0.05,0.0,1.1
0.2916851527668503,0.2635318089430894,0.05,0.0,1.1
0.12369623851078287,0.42372940166660705,0.05,0.0,1.1
0.09514872448979592,0.44928146457181,0.05,0.0,1.1
0.06731939867909682,0.4733937125962662,0.05,0.0,1.1
0.06911259850029207,0.3828109953745097,0.05,0.55,0.0
0.09164072962371232,0.3517570521151278,0.05,0.55,0.0
0.11681471257927614,0.32069279928234234,0.05,0.55,0.0
0.1453836,0.2885544,0.05,0.55,0.0
0.1771615446742564,0.2565153859450438,0.05,0.55,0.0
0.209753722833538,0.22303228234045852,0.05,0.55,0.0
0.3410886916896153,-0.04840631892040103,0.05,0.0,-1.1
0.35258069733061503,-0.08373807509806025,0.05,0.0,-1.1
0.3643219643772577,-0.10802634240989996,0.05,0.0,-1.1
0.3699735313751669,-0.11756870410547397,0.05,0.0,-1.1
0.3764138986253681,-0.12027830632950628,0.05,0.0,-1.1
0.38542041932407467,-0.12305366424271323,0.05,0.55,0.0
0.39484292518061087,-0.1244369024343721,0.05,0.55,0.0
0.4035751591616295,-0.12626430845166137,0.05,0.55,0.0
0.40803434255230375,-0.12704978869881386,0.05,0.55,0.0
0.4109702718006795,-0.1278685283423735,0.05,0.55,0.0
0.41418028094710113,-0.12881659066251774,0.05,0.55,0.0
0.46810151204510503,-0.0700687083546899,0.05,0.55,0.0
0.484812044135004,-0.04858284344114736,0.05,0.55,0.0
0.49951920291582724,-0.030171272366397654,0.05,0.55,0.0
0.5117948744158879,-0.01767151410213618,0.05,0.55,0.0
0.524957374679621,-0.011189306789056446,0.05,0.55,0.0
0.5367181608469141,-0.01055420327606967,0.05,0.55,0.0
0.5446505898096158,-0.010816415125830025,0.05,0.55,0.0
0.5468082145326246,-0.011345803633156126,0.05,0.55,0.0
0.5469665996137754,-0.011039700675893145,0.05,0.55,0.0
0.5474356264902241,-0.010656421673819742,0.05,0.55,0.0
0.5461567529146699,-0.009508854874472498,0.05,0.55,0.0
0.5433863915485233,-0.006749016001526226,0.05,0.55,0.0
0.5403341792334745,-0.002461669249567861,0.05,0.55,0.0
0.5374964455597812,0.0007617437202703832,0.05,0.55,0.0
0.5358337957609641,0.0029578048446123957,0.05,0.55,0.0
0.5368559538285469,-0.10144259623523241,0.05,0.55,-1.1
0.5406356407322656,-0.13487295003813884,0.05,0.55,-1.1
0.5408581588486395,-0.17155677598788543,0.05,0.55,-1.1
0.5409186990343348,-0.20583222103004292,0.05,0.55,-1.1
0.5406376220449912,-0.23986672984990998,0.05,0.55,-1.1
0.5400193245079691,-0.27152021826981537,0.05,0.55,-1.1
0.5489294121504017,-0.3841926617152666,0.05,0.55,1.1
0.5488505276085324,-0.345794714972159,0.05,0.55,1.1
0.5462464387897429,-0.30995982976288405,0.05,0.55,1.1
0.5435792059082998,-0.26317082121313273,0.05,0.55,1.1
0.5438348577235773,-0.2007375196695515,0.05,0.55,1.1
0.5435797259114429,-0.13675406840887958,0.05,0.55,1.1
0.43792975550442864,0.3853778597994922,0.05,0.0,-1.1
0.40622752742012397,0.34176608249880785,0.05,0.0,-1.1
0.3709470066518847,0.2945382483370288,0.05,0.0,-1.1
0.3340380491148597,0.24257741342313882,0.05,0.0,-1.1
0.30284771719303266,0.18392434099932042,0.05,0.0,-1.1
0.2710458953355272,0.1270235977965374,0.05,0.0,-1.1
-0.058789079952793644,-0.06836434370045417,0.05,0.0,0.0
-0.08095593841642229,-0.09320439882697946,0.05,-0.55,-1.1
-0.10783087383155285,-0.12168457649752003,0.05,-0.55,-1.1
-0.14009193419562496,-0.15385256333075042,0.05,-0.55,-1.1
-0.17334176492328238,-0.18617157244363905,0.05,-0.55,-1.1
-0.20763098360655738,-0.2194899913561848,0.05,-0.55,-1.1
-0.24422177401089534,-0.249362369619378,0.05,-0.55,-1.1
-0.45770616177873147,-0.32792547627563184,0.05,-0.55,0.0
-0.4871656308121513,-0.31236208152510847,0.05,-0.55,0.0
-0.5152918631681846,-0.28703367567116495,0.05,-0.55,0.0
-0.5317976743354392,-0.266078783526046,0.05,-0.55,0.0
-0.5495360921033808,-0.24502214129035335,0.05,-0.55,0.0
-0.5581005475148726,-0.2234472713670883,0.05,-0.55,0.0
-0.5413813534067611,-0.10459650741429456,0.05,-0.55,-1.1
-0.535334596128171,-0.14771582943925232,0.05,-0.55,-1.1
-0.5272345544058745,-0.19343764245184053,0.05,-0.55,-1.1
-0.5267586487453061,-0.22676919860523337,0.05,-0.55,-1.1
-0.5294215577874472,-0.2574420084043631,0.05,-0.55,-1.1
-0.5318122431159852,-0.2883500804625104,0.05,-0.55,-1.1
-0.5465186070909134,-0.38828195560430123,0.05,-0.55,1.1
-0.5434197588961077,-0.35442242713238364,0.05,-0.55,1.1
-0.5399602151210614,-0.3145158375356151,0.05,-0.55,1.1
-0.5363323906512644,-0.2651151472884851,0.05,-0.55,1.1
-0.5355784667834877,-0.20463061009190717,0.05,-0.55,1.1
-0.5350803216789053,-0.14302275355235552,0.05,-0.55,1.1
-0.4713351009799234,0.40370689083413,0.05,0.0,0.0
-0.45133697515557575,0.3693491732433657,0.05,0.0,0.0
-0.42503622486081805,0.33774086465672426,0.05,0.0,0.0
-0.3964324722477256,0.3022861781153493,0.05,0.0,0.0
-0.3620861352852817,0.2741829200543621,0.05,0.0,0.0
-0.3295196003933488,0.23535451159187082,0.05,0.0,0.0
0.06845080823975394,-0.004658541353741972,0.05,0.55,0.0
0.0918099082021936,-0.004335661063423928,0.05,0.55,0.0
0.11839879032258065,-0.003949999999999989,0.05,0.55,0.0
0.14764176939033405,-0.0038063946973128805,0.05,0.55,0.0
0.17910610933625787,-0.0032609881627884683,0.05,0.55,0.0
0.56163253060519,-0.00021218515692981435,0.05,0.6050000000000001,0.0
0.5648932269004733,-0.0008225517660662445,0.05,0.6050000000000001,0.0
0.5682576697264111,-0.0007813998331048346,0.05,0.6050000000000001,0.0
0.5716054251159353,-5.062318944242642e-05,0.05,0.6050000000000001,0.0
0.575115491987982,0.0004393247609509615,0.05,0.6050000000000001,0.0
0.5788736982798698,0.0010036458892107541,0.05,0.6050000000000001,0.0
0.5044840460153782,-0.12519056386719912,0.05,0.0,-1.2100000000000002
0.4741786536810986,-0.1565488183649628,0.05,0.0,-1.2100000000000002
0.43788814820113015,-0.18604874174474884,0.05,0.0,-1.2100000000000002
0.39945293255131964,-0.2170591534940276,0.05,0.0,-1.2100000000000002
0.36129128750402306,-0.24965622712805904,0.05,0.0,-1.2100000000000002
0.32354656141584903,-0.2825288808879457,0.05,0.0,-1.2100000000000002
0.058373936664799085,-0.4057194323911929,0.05,0.7320500000000003,0.0
0.07841292949283483,-0.37444321812632636,0.05,0.7320500000000003,0.0
0.1006610581278909,-0.3432932797076915,0.05,0.7320500000000003,0.0
0.1265177176479004,-0.3111998658702339,0.05,0.7320500000000003,0.0
0.1563901827436582,-0.27857694008678235,0.05,0.7320500000000003,0.0
0.18878061241520727,-0.24703810398063925,0.05,0.7320500000000003,0.0
0.6176156673183292,0.08723222332157163,0.05,0.0,1.4641000000000006
0.6007765159552277,0.12086968834559131,0.05,0.0,1.4641000000000006
0.57997412672866,0.15572269462327135,0.05,0.0,1.4641000000000006
0.5536154365916759,0.18688197032559584,0.05,0.0,1.4641000000000006
0.5169783484138621,0.21592989521118702,0.05,0.0,1.4641000000000006
0.47387894473320297,0.2441496614372228,0.05,0.0,1.4641000000000006
0.0579907902266306,0.3926008655118561,0.05,0.7320500000000003,-1.4641000000000006
0.07751015295295774,0.3592193205932143,0.05,0.7320500000000003,-1.4641000000000006
0.103560734725998,0.3172308198597797,0.05,0.7320500000000003,-1.4641000000000006
0.13262673183525064,0.2667660264051976,0.05,0.7320500000000003,-1.4641000000000006
0.16288281346859948,0.21032006103666973,0.05,0.7320500000000003,-1.4641000000000006
0.19122979101345955,0.15475403398862675,0.05,0.7320500000000003,-1.4641000000000006
0.7285803140456468,-0.3982487423276324,0.05,0.7320500000000003,1.4641000000000006
0.7285670777649288,-0.3554273789654391,0.05,0.7320500000000003,1.4641000000000006
0.7282207872401297,-0.31088392559126454,0.05,0.7320500000000003,1.4641000000000006
0.7142295420746434,-0.27778917498483097,0.05,0.7320500000000003,1.4641000000000006
0.710733876399137,-0.22487595630043744,0.05,0.7320500000000003,1.4641000000000006
0.7120035571225903,-0.16162407160143538,0.05,0.7320500000000003,1.4641000000000006
0.6272870323676681,0.1709507787911302,0.05,0.0,0.0
0.6042256559497413,0.18756011461984123,0.05,0.0,0.0
0.570810092623498,0.19216141909450699,0.05,0.0,0.0
0.5299185078097055,0.19527500000000003,0.05,0.0,0.0
0.4887008782857484,0.19167215741789356,0.05,0.0,0.0
0.4470299880789176,0.18572797520414855,0.05,0.0,0.0
0.1726268614770221,0.09495696489241225,0.05,-0.7320500000000003,0.0
0.10842547624156593,0.07526604796986387,0.05,-0.7320500000000003,0.0
-0.08980511605450447,0.01629872411573264,0.05,-0.7320500000000003,0.0
-0.16416735072180433,0.01428043469190698,0.05,-0.7320500000000003,0.0
-0.7142886610197781,-0.10947995284987064,0.05,-0.7320500000000003,-1.4641000000000006
-0.7203745983840021,-0.13328687031497657,0.05,-0.7320500000000003,-1.4641000000000006
-0.7221952885073915,-0.16570943460896517,0.05,-0.7320500000000003,-1.4641000000000006
-0.7218185635095666,-0.2009049582762115,0.05,-0.7320500000000003,-1.4641000000000006
-0.7203088036144291,-0.23908663662589705,0.05,-0.7320500000000003,-1.4641000000000006
-0.7232900410671499,-0.2692547301727324,0.05,-0.7320500000000003,-1.4641000000000006
-0.6761370153560018,-0.41068380943297245,0.05,0.7320500000000003,0.0
-0.6592819748104525,-0.3710500226503266,0.05,0.7320500000000003,0.0
-0.6303066972641116,-0.34566077248614174,0.05,0.7320500000000003,0.0
-0.5980992909767175,-0.3243104285135248,0.05,0.7320500000000003,0.0
-0.5715386594189942,-0.2884151631918368,0.05,0.7320500000000003,0.0
-0.5387757287456634,-0.2566922827473562,0.05,0.7320500000000003,0.0
0.4197456996041776,-0.11805165005484286,0.05,0.0,-1.4641000000000006
0.41734244373182017,-0.14971376245767964,0.05,0.0,-1.4641000000000006
0.4086493616336457,-0.1807464219297618,0.05,0.0,-1.4641000000000006
0.393061110316467,-0.21345309225817985,0.05,0.0,-1.4641000000000006
0.3714747928711927,-0.24669724593193063,0.05,0.0,-1.4641000000000006
0.3461649358003791,-0.2794831769572837,0.05,0.0,-1.4641000000000006
0.0589931649659053,-0.4068417421677555,0.05,0.7320500000000003,0.0
0.0779394317423231,-0.3750210906208278,0.05,0.7320500000000003,0.0
0.10078979942778804,-0.34344817637241465,0.05,0.7320500000000003,0.0
0.12599760722630177,-0.31052351885847795,0.05,0.7320500000000003,0.0
0.1556554305196276,-0.2778176463576001,0.05,0.7320500000000003,0.0
0.1876278325504876,-0.24619557354378768,0.05,0.7320500000000003,0.0
0.7233530051501532,-0.11084277339325949,0.05,0.7320500000000003,-1.4641000000000006
0.7233896117210877,-0.14649399580367892,0.05,0.7320500000000003,-1.4641000000000006
0.7243754610533594,-0.1804054500858328,0.05,0.7320500000000003,-1.4641000000000006
0.7238507233289224,-0.21420345570616214,0.05,0.7320500000000003,-1.4641000000000006
0.7260460956405641,-0.24312669126324699,0.05,0.7320500000000003,-1.4641000000000006
0.72175946485623,-0.2813036341853035,0.05,0.7320500000000003,-1.4641000000000006
0.7320883340287299,-0.39989232937950764,0.05,0.7320500000000003,1.4641000000000006
0.7276258028466187,-0.3692961985480814,0.05,0.7320500000000003,1.4641000000000006
0.727976145865593,-0.3274107773304429,0.05,0.7320500000000003,1.4641000000000006
0.7170260751919135,-0.2946331822462213,0.05,0.7320500000000003,1.4641000000000006
0.7129482922642252,-0.24256566855024259,0.05,0.7320500000000003,1.4641000000000006
0.7109267237885201,-0.18214656255588008,0.05,0.7320500000000003,1.4641000000000006
0.638658227633069,0.4537070101925255,0.05,0.0,0.0
0.6064343624429155,0.431539361131315,0.05,0.0,0.0
0.5782687051431843,0.39357339350008347,0.05,0.0,0.0
0.5414229507170703,0.3635655251958085,0.05,0.0,0.0
0.5026835626318864,0.3308469676557899,0.05,0.0,0.0
0.46166508392542077,0.2947026286300129,0.05,0.0,0.0
-0.06502561042491296,-0.007082050288521139,0.05,-0.7320500000000003,0.0
-0.09048209291513179,-0.006351011229927387,0.05,-0.7320500000000003,0.0
-0.12068389823436139,-0.005983682149286461,0.05,-0.7320500000000003,0.0
-0.15553598544453187,-0.005619513089192465,0.05,-0.7320500000000003,0.0
-0.19506628539071347,-0.0050777010192525375,0.05,-0.7320500000000003,0.0
-0.2390869753358685,-0.0040662164578540065,0.05,-0.7320500000000003,0.0
-0.7219934339460695,0.09527824189972108,0.05,-0.7320500000000003,1.4641000000000006
-0.7179902559547936,0.1346872463699006,0.05,-0.7320500000000003,1.4641000000000006
-0.7200847821033936,0.1681673995446581,0.05,-0.7320500000000003,1.4641000000000006
-0.7206115677380128,0.2024352113683508,0.05,-0.7320500000000003,1.4641000000000006
-0.7254751752357339,0.22954788197217688,0.05,-0.7320500000000003,1.4641000000000006
-0.7298512025391906,0.25740273737855396,0.05,-0.7320500000000003,1.4641000000000006
-0.6653539660022887,0.53051744349609,0.05,0.7320500000000003,1.4641000000000006
-0.6446990129343745,0.5351111474041843,0.05,0.7320500000000003,1.4641000000000006
-0.6244233427505393,0.5328220604012445,0.05,0.7320500000000003,1.4641000000000006
-0.5962914261530942,0.5373374473969696,0.05,0.7320500000000003,1.4641000000000006
-0.5641427168878915,0.5430313869724026,0.05,0.7320500000000003,1.4641000000000006
-0.5302753969673129,0.5460476414419569,0.05,0.7320500000000003,1.4641000000000006
0.7371862905917695,0.3944946735968719,0.05,0.7320500000000003,0.0
0.7359262094082304,0.3667817494993086,0.05,0.7320500000000003,0.0
0.7344780685597797,0.336924679911305,0.05,0.7320500000000003,0.0
0.7331750524540134,0.3037212006604437,0.05,0.7320500000000003,0.0
0.7286885272972232,0.2763823524853051,0.05,0.7320500000000003,0.0
0.7312966721901674,0.2388809719374374,0.05,0.7320500000000003,0.0
0.7522370128322748,-0.00023593334842544374,0.05,0.8052550000000004,0.0
0.763253525958157,6.192942719200018e-05,0.05,0.8052550000000004,0.0
0.7749425550747443,0.0002662846005293009,0.05,0.8052550000000004,0.0
0.7883608953266571,-0.0009477181688125782,0.05,0.8857805000000005,0.0
0.8032833375058117,-0.0009011042165873785,0.05,0.8857805000000005,0.0
0.8198738359063003,-0.00048532186922571456,0.05,0.8857805000000005,0.0
0.838128087376326,-0.0005706442961020273,0.05,0.8857805000000005,0.0
0.8592814817905466,-0.0006999999999999888,0.05,0.9743585500000007,0.0
0.8812336194563662,-0.0010554050429184437,0.05,0.9743585500000007,0.0
0.9056105365594859,-0.001879815980542927,0.05,0.9743585500000007,0.0
0.9308944674231767,-0.0020608976804062156,0.05,0.9743585500000007,0.0
0.9561226095095023,-0.001491964136681201,0.05,1.0717944050000008,0.0
0.9808105572642847,-0.00047612925145737586,0.05,1.0717944050000008,0.0
1.0047513999141817,0.00027064232758827305,0.05,1.0717944050000008,0.0
1.0277219056189955,0.0015030753093189133,0.05,1.178973845500001,0.0
1.0494042600495923,0.0037818696056459034,0.05,1.178973845500001,0.0
1.0692835375812124,0.005774906419502902,0.05,1.178973845500001,0.0
1.0871487053550142,0.006255964188641468,0.05,1.178973845500001,0.0
1.1040637047941448,0.00577397489689371,0.05,1.178973845500001,0.0
1.1194532222301694,0.0061603211501323335,0.05,1.178973845500001,0.0
1.1664825828833019,-0.07975564089267193,0.05,1.178973845500001,-2.357947691000002
1.1720646499624512,-0.09336462075788819,0.05,1.178973845500001,-2.357947691000002
1.1789060326637657,-0.1072239956488049,0.05,1.178973845500001,-2.357947691000002
1.1865078718217688,-0.12389234333837955,0.05,1.178973845500001,-2.357947691000002
1.1948439601115826,-0.14008792022316532,0.05,1.178973845500001,-2.357947691000002
1.2035686149224551,-0.15793127033986193,0.05,1.178973845500001,-2.357947691000002
1.213898976806827,-0.3371358868468726,0.05,-1.178973845500001,0.0
1.1791063807531381,-0.3537038542001931,0.05,-1.178973845500001,-2.357947691000002
1.1352237321777694,-0.3734804962805779,0.05,-1.178973845500001,-2.357947691000002
1.092685859717719,-0.3832367299256151,0.05,-1.178973845500001,-2.357947691000002
1.0464405617080121,-0.3931242367708942,0.05,-1.178973845500001,-2.357947691000002
0.9881870707329574,-0.4131846104561763,0.05,-1.178973845500001,-2.357947691000002
0.9291965990510365,-0.43179231083320413,0.05,-1.178973845500001,-2.357947691000002
-1.0905406257450767,-0.30840596240045776,0.05,0.0,0.0
-1.100846856522983,-0.2745820457037955,0.05,0.0,0.0
-1.1004649580392905,-0.2368211776416174,0.05,0.0,0.0
-1.0946662744537032,-0.19743309132959003,0.05,0.0,0.0
-1.0772123932974083,-0.1682362344714943,0.05,0.0,0.0
-1.0487427324819518,-0.1500035590050273,0.05,0.0,0.0
-0.14565234710300426,-0.1315079801502146,0.05,1.178973845500001,-2.357947691000002
-0.10420351658897722,-0.15920540170002742,0.05,1.178973845500001,-2.357947691000002
-0.06543966735012574,-0.18570470007271686,0.05,1.178973845500001,-2.357947691000002
0.06831182343824513,-0.28138312321173103,0.05,1.178973845500001,-2.357947691000002
1.2351054417146468,-0.22108085356840584,0.05,1.178973845500001,0.0
1.2401914918282928,-0.19815070988353375,0.05,1.178973845500001,0.0
1.2440673503325943,-0.1752552106430155,0.05,1.178973845500001,0.0
1.243628469374374,-0.15598412659148347,0.05,1.178973845500001,0.0
1.2345751919294272,-0.1416238716695476,0.05,1.178973845500001,0.0
1.2245406089071142,-0.12726249284760632,0.05,1.178973845500001,0.0
1.121278872357927,-0.03892274149708522,0.05,0.0,0.0
1.0838355929475718,-0.026330871063109447,0.05,0.0,0.0
1.0411005462575547,-0.018046731395057747,0.05,0.0,0.0
0.9994356926561755,-0.00664869933237958,0.05,0.0,0.0
0.9480025989198984,-0.006987118656191498,0.05,0.0,0.0
0.8993038611902405,-0.0025623469886410927,0.05,0.0,0.0
-0.08411248032997948,0.003302187544704602,0.05,-1.178973845500001,0.0
-0.11450684744126166,0.0027100391588885417,0.05,-1.178973845500001,0.0
-0.14856976330408658,0.00207500000000001,0.05,-1.178973845500001,0.0
-0.1877504328126863,0.0018337862167640496,0.05,-1.178973845500001,0.0
-0.23150132490402267,0.0023009046307556676,0.05,-1.178973845500001,0.0
-0.28003694299406334,0.0014484642848627996,0.05,-1.178973845500001,0.0
-1.1259268744039104,0.013544857236528382,0.05,0.0,0.0
-1.1111728417137543,0.014610463307345693,0.05,0.0,0.0
-1.0960225202374851,0.009394090296736976,0.05,0.0,0.0
-1.0782189829720255,0.007249629152655563,0.05,0.0,0.0
-1.0472202030707978,0.007840714592249108,0.05,0.0,0.0
-1.028106946000715,-0.002006630706878043,0.05,0.0,0.0
0.07376929072137911,-0.14892806922902682,0.05,1.178973845500001,-2.357947691000002
0.10726704983012458,-0.18243458812660188,0.05,1.178973845500001,-2.357947691000002
0.13820574896275456,-0.21618118710954265,0.05,1.178973845500001,-2.357947691000002
0.17256241774747283,-0.24969838922134274,0.05,1.178973845500001,-2.357947691000002
0.2103313353122802,-0.27630642025201774,0.05,1.178973845500001,-2.357947691000002
1.241297374679621,-0.14660364129462955,0.05,0.0,0.0
1.2029376113104533,-0.14666498831761773,0.05,0.0,0.0
1.1606093435968958,-0.13209825126059435,0.05,0.0,0.0
1.1082237066088119,-0.1108766796204463,0.05,0.0,0.0
1.0440104615678047,-0.09925379076864389,0.05,0.0,0.0
0.979874380184991,-0.07841507580814339,0.05,0.0,0.0
0.06390678615707407,-0.00022491118687710217,0.05,1.178973845500001,0.0
0.07594472140762465,0.0006420087976539729,0.05,1.178973845500001,0.0
0.09338219684325975,0.0009588074006962135,0.05,1.178973845500001,0.0
0.1173814066188217,0.001297800481628969,0.05,1.178973845500001,0.0
0.14797587298370274,0.0008338061374122388,0.05,1.178973845500001,0.0
0.18300254998032978,0.0009183997353456741,0.05,1.178973845500001,0.0
0.9252995702449782,-0.10577323538177265,0.05,0.0,-2.357947691000002
0.9253908808592818,-0.13573585010252254,0.05,0.0,-2.357947691000002
0.9169533608511653,-0.16881697383322403,0.05,0.0,-2.357947691000002
0.8966524276994969,-0.20540604391674414,0.05,0.0,-2.357947691000002
0.8713953897094764,-0.23829163835342082,0.05,0.0,-2.357947691000002
0.8398174508845548,-0.2716803478613323,0.05,0.0,-2.357947691000002
0.05884512921221081,0.4074470310395385,0.05,1.178973845500001,0.0
0.0783060638031544,0.37614468754097974,0.05,1.178973845500001,0.0
0.10108883199408665,0.34477970206728825,0.05,1.178973845500001,0.0
0.12735661997854336,0.31249647425199667,0.05,1.178973845500001,0.0
0.15772393414087466,0.2802921991988173,0.05,1.178973845500001,0.0
0.19029067465757507,0.24829669257453482,0.05,1.178973845500001,0.0
0.7755258878014472,-0.09842065635914979,0.05,0.0,-2.357947691000002
0.766548702014783,-0.13560355120410109,0.05,0.0,-2.357947691000002
0.7546112617875324,-0.168379188374006,0.05,0.0,-2.357947691000002
0.7351817691262529,-0.20023453184033943,0.05,0.0,-2.357947691000002
0.7090210913100489,-0.22942039754440338,0.05,0.0,-2.357947691000002
0.6741830341177312,-0.2566348884199986,0.05,0.0,-2.357947691000002
0.06751041579744181,-0.5081205648670234,0.05,0.0,-2.122152921900002
0.06280585325147524,0.005630114144364326,0.05,0.6961722660292956,0.0
0.08232887111964142,0.006174708824090428,0.05,0.6961722660292956,0.0
0.10628863457549534,0.005997778532770682,0.05,0.6961722660292956,0.0
0.134016839216107,0.0060561223759968705,0.05,0.6961722660292956,0.0
0.1648898302458098,0.0057066644016880224,0.05,0.6961722660292956,0.0
0.19732635390465747,0.0063538519079237715,0.05,0.6961722660292956,0.0
0.3248269989866476,0.1037982212684788,0.05,0.0,1.3923445320585912
0.32563370586271845,0.13436959683379826,0.05,0.0,1.3923445320585912
0.3193806375762922,0.16360772875739082,0.05,0.0,1.3923445320585912
0.3067561049318694,0.19210169134389568,0.05,0.0,1.3923445320585912
0.2896008485032724,0.2202681475984407,0.05,0.0,1.3923445320585912
0.2695417723669309,0.2516615968289921,0.05,0.0,1.3923445320585912
-0.06713731210737742,-0.09026763001990677,0.05,-0.6961722660292956,-1.3923445320585912
-0.09249749856958946,-0.11974305774090495,0.05,-0.6961722660292956,-1.3923445320585912
-0.12083034179373157,-0.15083577270180373,0.05,-0.6961722660292956,-1.3923445320585912
-0.15361351068648602,-0.1824062578226508,0.05,-0.6961722660292956,-1.3923445320585912
-0.19234006717850285,-0.21477304306100306,0.05,-0.6961722660292956,-1.3923445320585912
-0.23388035586573533,-0.24699340983860582,0.05,-0.6961722660292956,-1.3923445320585912
-0.6326095582537582,-0.40276031526054146,0.05,0.6961722660292956,0.0
-0.6105344418349586,-0.3658705437400157,0.05,0.6961722660292956,0.0
-0.576530478398741,-0.3415190781317057,0.05,0.6961722660292956,0.0
-0.5513330983360887,-0.3016472659641528,0.05,0.6961722660292956,0.0
-0.5190236843987697,-0.27238155833472427,0.05,0.6961722660292956,0.0
-0.48035619635193133,-0.24794594748450172,0.05,0.6961722660292956,0.0
0.56882940275377,-0.12695412499254932,0.05,0.0,-1.3923445320585912
0.5487549985693678,-0.1575483452353986,0.05,0.0,-1.3923445320585912
0.5245849839065387,-0.18878908922930202,0.05,0.0,-1.3923445320585912
0.49235641756171994,-0.22311544369210962,0.05,0.0,-1.3923445320585912
0.45473790098584993,-0.25625279810936136,0.05,0.0,-1.3923445320585912
0.4118261274363712,-0.2894337977588365,0.05,0.0,-1.3923445320585912
0.056990596756885656,-0.519591586383689,0.05,0.6961722660292956,-1.3923445320585912
0.07652924439464556,-0.5186379233070697,0.05,0.6961722660292956,-1.3923445320585912
0.09897927540205768,-0.5193482084739094,0.05,0.6961722660292956,-1.3923445320585912
0.12464813967073185,-0.5199883999141662,0.05,0.6961722660292956,-1.3923445320585912
0.1549831400131132,-0.5177566957739762,0.05,0.6961722660292956,-1.3923445320585912
0.18694696228259444,-0.5167242138233576,0.05,0.6961722660292956,-1.3923445320585912
0.6888140799527936,-0.4201365452930728,0.05,0.0,-1.3923445320585912
0.6923869607200334,-0.39255460422006316,0.05,0.6961722660292956,0.0
0.694515907302768,-0.36264755501513957,0.05,0.6961722660292956,0.0
0.698297678369196,-0.3264361894259999,0.05,0.6961722660292956,0.0
0.700495765677158,-0.2944250351692894,0.05,0.6961722660292956,0.0
0.6991360765718508,-0.26625762529505737,0.05,0.6961722660292956,0.0
0.6993274567059581,-0.23107658278011511,0.05,0.6961722660292956,0.0
0.6776082791898144,-0.09441406231372641,0.05,0.6961722660292956,0.0
0.6677361676064901,-0.08271650135310736,0.05,0.6961722660292956,0.0
0.6527749049316343,-0.08327116269505405,0.05,0.6961722660292956,0.0
0.6290283861929176,-0.10365669130797663,0.05,0.6961722660292956,0.0
0.6055302792878906,-0.12607071509648124,0.05,0.0,-1.3923445320585912
0.5772466623153678,-0.15820540127320196,0.05,0.0,-1.3923445320585912
0.5515071999093977,-0.1860070169164193,0.05,0.0,-1.3923445320585912
0.5279632560135409,-0.20634085095477625,0.05,0.0,-1.3923445320585912
0.5106134830188229,-0.21668207827196106,0.05,0.0,-1.3923445320585912
0.49235945519888435,-0.22566780959078825,0.05,0.0,-1.3923445320585912
0.46899744549474914,-0.23168287271578594,0.05,0.6961722660292956,0.0
0.4647935763247303,-0.2317865762651249,0.05,0.6961722660292956,0.0
0.4647033750759951,-0.2317473827887515,0.05,0.6961722660292956,0.0
0.4669332733319823,-0.23129066065063714,0.05,0.6961722660292956,0.0
0.4735306641393369,-0.22484147294445833,0.05,0.6961722660292956,0.0
0.4867307566907074,-0.2106330613339691,0.05,0.6961722660292956,0.0
0.5644849054073385,-0.10694587118231884,0.05,0.0,-1.3923445320585912
0.5843866193696918,-0.07972191287336577,0.05,0.0,-1.3923445320585912
0.6013682227838444,-0.06199034380811595,0.05,0.0,-1.3923445320585912
0.6136865131500512,-0.054655038269868124,0.05,0.6961722660292956,0.0
0.6284412742737254,-0.04789462878634351,0.05,0.6961722660292956,0.0
0.6419181980473035,-0.04441264484287825,0.05,0.6961722660292956,0.0
0.6512941613518507,-0.043797959110687235,0.05,0.6961722660292956,0.0
0.6576003963807162,-0.043448137904725556,0.05,0.6961722660292956,0.0
0.660589165405109,-0.043203905067289675,0.05,0.6961722660292956,0.0
0.6536012019861235,-0.04580586120979469,0.05,0.6961722660292956,0.0
0.6494324177494338,-0.05001829270473237,0.05,0.6961722660292956,0.0
0.6337272719144523,-0.07157808554772718,0.05,0.6961722660292956,0.0
0.6129197554448246,-0.10107245759176033,0.05,0.6961722660292956,0.0
0.5886112994266096,-0.13336341059997375,0.05,0.0,-1.3923445320585912
0.5633306777004315,-0.16414315117886857,0.05,0.0,-1.3923445320585912
0.5336109135285914,-0.19331302167149444,0.05,0.0,-1.3923445320585912
0.4980555104145553,-0.22431070815399473,0.05,0.0,-1.3923445320585912
0.4561912101504566,-0.2566640594077112,0.05,0.0,-1.3923445320585912
0.4138988412569739,-0.2865488007248104,0.05,0.0,-1.3923445320585912
0.10443282274406962,-0.40394779562522354,0.05,0.6961722660292956,0.0
0.10969417895150817,-0.3718284387624983,0.05,0.6961722660292956,0.0
0.11943174488725748,-0.33959199659150496,0.05,0.6961722660292956,0.0
0.13522390477666388,-0.3076917502115942,0.05,0.6961722660292956,0.0
0.15877063111715128,-0.2763034467651372,0.05,0.6961722660292956,0.0
0.18980836889535233,-0.24565654092810907,0.05,0.6961722660292956,0.0
0.4315856347976396,-0.1845441032365739,0.05,0.6961722660292956,-1.3923445320585912
0.47494527578766677,-0.1904299951124727,0.05,0.6961722660292956,-1.3923445320585912
0.5087490439291888,-0.20882362371103297,0.05,0.6961722660292956,-1.3923445320585912
0.5436038813656304,-0.22835030576482926,0.05,0.6961722660292956,-1.3923445320585912
0.5699770981355204,-0.2617372699203662,0.05,0.6961722660292956,-1.3923445320585912
0.5951374436708711,-0.2919707437233256,0.05,0.6961722660292956,-1.3923445320585912
0.6962530189421484,-0.41101422598257176,0.05,0.6961722660292956,0.0
0.6961246959979018,-0.3819131442162111,0.05,0.6961722660292956,0.0
0.7014483971722518,-0.3459791721802988,0.05,0.6961722660292956,0.0
0.7019537380336428,-0.3147101536700802,0.05,0.6961722660292956,0.0
0.7046136828827114,-0.2784227273538652,0.05,0.6961722660292956,0.0
0.7081829243506146,-0.23910319209174247,0.05,0.6961722660292956,0.0
0.6846073334644638,-0.12776731904012587,0.05,0.6961722660292956,-1.3923445320585912
0.6836514996006628,-0.15891300319469776,0.05,0.6961722660292956,-1.3923445320585912
0.6798398383481952,-0.1943439201754804,0.05,0.6961722660292956,-1.3923445320585912
0.6819571860695213,-0.2223726260013351,0.05,0.6961722660292956,-1.3923445320585912
0.6778524071932669,-0.2586570949167898,0.05,0.6961722660292956,-1.3923445320585912
0.6796787878155768,-0.28881403825064966,0.05,0.6961722660292956,-1.3923445320585912
0.7035665705089998,-0.37331283168434853,0.05,0.6961722660292956,0.0
0.7094389233300349,-0.33650882491446005,0.05,0.6961722660292956,0.0
0.709402672909117,-0.3061292824957086,0.05,0.6961722660292956,0.0
0.7050093751118749,-0.2808368981133426,0.05,0.6961722660292956,0.0
0.7080764657495052,-0.24251476747097112,0.05,0.6961722660292956,0.0
0.7008458776405513,-0.22009878761146343,0.05,0.6961722660292956,0.0
0.6819058301643878,0.04511141565439224,0.05,0.6961722660292956,1.3923445320585912
0.6743223545714627,0.08413259625700324,0.05,0.6961722660292956,1.3923445320585912
0.676550178784267,0.11066231674612634,0.05,0.6961722660292956,1.3923445320585912
0.6738612218143681,0.14484130952948468,0.05,0.6961722660292956,1.3923445320585912
0.6736390681441566,0.180338487261716,0.05,0.6961722660292956,1.3923445320585912
0.6686854900044108,0.2220891204835076,0.05,0.6961722660292956,1.3923445320585912
0.6831144292321814,0.4285386758377341,0.05,0.6961722660292956,-1.3923445320585912
0.685323505674503,0.3962701567044967,0.05,0.6961722660292956,-1.3923445320585912
0.6838118768328446,0.3594756842619746,0.05,0.6961722660292956,-1.3923445320585912
0.6822481379491214,0.3099798261926901,0.05,0.6961722660292956,-1.3923445320585912
0.6741355497669318,0.2601732040032904,0.05,0.6961722660292956,-1.3923445320585912
0.6772059015689827,0.19396489102961514,0.05,0.6961722660292956,-1.3923445320585912
0.6865714553083947,-0.4131760615597358,0.05,0.6961722660292956,0.0
0.6896405136855658,-0.3802051550355252,0.05,0.6961722660292956,0.0
0.6885911064225433,-0.3522596302388786,0.05,0.6961722660292956,0.0
0.6860965213866769,-0.32434348266653945,0.05,0.6961722660292956,0.0
0.683684093537273,-0.2962163997210333,0.05,0.6961722660292956,0.0
0.6834033865681426,-0.26427588254573625,0.05,0.6961722660292956,0.0
0.6118414728705271,0.008224535425656208,0.05,-0.6961722660292956,0.0
0.5817423750938807,0.004083064804549216,0.05,-0.6961722660292956,0.0
0.5500907057701478,0.0006155525751073191,0.05,-0.6961722660292956,0.0
0.5119091801764215,-4.1228096316582184e-05,0.05,-0.6961722660292956,0.0
0.4701860666388508,0.0016139530309352318,0.05,-0.6961722660292956,0.0
0.42512832598199923,0.0029981859092805853,0.05,-0.6961722660292956,0.0
-0.6161322713129315,0.13168734308126992,0.05,0.0,1.3923445320585912
-0.5930631504905876,0.16539583179341674,0.05,0.0,1.3923445320585912
-0.5678927113259504,0.19762053268086832,0.05,0.0,1.3923445320585912
-0.5385584813552048,0.2295870076534262,0.05,0.0,1.3923445320585912
-0.5062354784101476,0.26143255167974067,0.05,0.0,1.3923445320585912
-0.47223665629544864,0.29260644863266816,0.05,0.0,1.3923445320585912
-0.08011782857006593,0.4060096138713024,0.05,-0.6961722660292956,0.0
-0.1080249004648945,0.37408140958397906,0.05,-0.6961722660292956,0.0
-0.1405302542797196,0.3413100030995184,0.05,-0.6961722660292956,0.0
-0.17729634775255473,0.30890541792715753,0.05,-0.6961722660292956,0.0
-0.21778110477912743,0.27617727862182195,0.05,-0.6961722660292956,0.0
-0.2604993837241182,0.24415970753716132,0.05,-0.6961722660292956,0.0
-0.5955008636824223,-0.07687628211241579,0.05,0.0,-1.3923445320585912
-0.5958163389440557,-0.11281373454766529,0.05,0.0,-1.3923445320585912
-0.5887343260496388,-0.14571100422001285,0.05,0.0,-1.3923445320585912
-0.5721673055144956,-0.174792509357715,0.05,0.0,-1.3923445320585912
-0.5473876052048067,-0.20028471371179243,0.05,0.0,-1.3923445320585912
-0.5163789808556545,-0.22999243226167912,0.05,0.0,-1.3923445320585912
-0.09031689844066663,0.39630052037385854,0.05,-0.6961722660292956,0.0
-0.12170788450993011,0.36426400889302146,0.05,-0.6961722660292956,0.0
-0.1562721681468677,0.3319508189783632,0.05,-0.6961722660292956,0.0
-0.19452594175428556,0.2989354433397707,0.05,-0.6961722660292956,0.0
-0.23578090789348208,0.2666795037071473,0.05,-0.6961722660292956,0.0
-0.28005900491166164,0.23471472634176585,0.05,-0.6961722660292956,0.0
-0.6852275103393204,0.11317613672931841,0.05,-0.6961722660292956,1.3923445320585912
-0.6919676037407464,0.1438525447923993,0.05,-0.6961722660292956,1.3923445320585912
-0.6967430001072872,0.17419920696889865,0.05,-0.6961722660292956,1.3923445320585912
-0.6946005760931763,0.2071448151614134,0.05,-0.6961722660292956,1.3923445320585912
-0.688435198364447,0.24422660515461464,0.05,-0.6961722660292956,1.3923445320585912
-0.682524779763253,0.2814810316258777,0.05,-0.6961722660292956,1.3923445320585912
-0.7072627516778524,0.3932557046979866,0.05,-0.6961722660292956,-1.3923445320585912
-0.7084727367555196,0.3557919996662057,0.05,-0.6961722660292956,-1.3923445320585912
-0.7059813758389262,0.31575033557046983,0.05,-0.6961722660292956,-1.3923445320585912
-0.7009543523353122,0.2747008636721265,0.05,-0.6961722660292956,-1.3923445320585912
-0.6970523454729689,0.22633592179769924,0.05,-0.6961722660292956,-1.3923445320585912
-0.696511209712998,0.16407536277677753,0.05,-0.6961722660292956,-1.3923445320585912
-0.7214593356092437,-0.38119732799369743,0.05,-0.6961722660292956,1.3923445320585912
-0.7183534602179251,-0.3527855511313512,0.05,-0.6961722660292956,1.3923445320585912
-0.7154336562075297,-0.3173058600176439,0.05,-0.6961722660292956,1.3923445320585912
-0.7047647718196016,-0.28531177114006745,0.05,-0.6961722660292956,1.3923445320585912
-0.6994450921488686,-0.23730051319648096,0.05,-0.6961722660292956,1.3923445320585912
-0.6945692880725634,-0.18237438169704048,0.05,-0.6961722660292956,1.3923445320585912
-0.6300053460094177,0.40317796834952613,0.05,0.6961722660292956,0.0
-0.6095149606651171,0.37229364115859115,0.05,0.6961722660292956,0.0
-0.5771969431064906,0.35112161822213744,0.05,0.6961722660292956,0.0
-0.550894365336703,0.31682362374384593,0.05,0.6961722660292956,0.0
-0.5186803639549854,0.28654849017691103,0.05,0.6961722660292956,0.0
-0.48202869714742097,0.2567232050686026,0.05,0.6961722660292956,0.0
0.4289271860284914,0.12429180276569113,0.05,0.0,1.3923445320585912
0.4264764791788367,0.15595626005889296,0.05,0.0,1.3923445320585912
0.41721878173799026,0.18702783585647872,0.05,0.0,1.3923445320585912
0.4000946798493409,0.22044860962120674,0.05,0.0,1.3923445320585912
0.378388622654555,0.25215388563049856,0.05,0.0,1.3923445320585912
0.35206511920371913,0.28426846107998577,0.05,0.0,1.3923445320585912
0.05504518264704131,-0.5235397848757524,0.05,0.6961722660292956,-1.3923445320585912
0.07429722950741502,-0.5236135913881074,0.05,0.6961722660292956,-1.3923445320585912
0.09679856615762432,-0.5243954296460547,0.05,0.6961722660292956,-1.3923445320585912
0.12264806289120717,-0.5241523907600596,0.05,0.6961722660292956,-1.3923445320585912
0.1506492048258843,-0.5232860385546191,0.05,0.6961722660292956,-1.3923445320585912
0.18014538421190662,-0.5249679433993754,0.05,0.6961722660292956,-1.3923445320585912
0.6528835113484646,-0.5234118825100134,0.05,0.626555039426366,-1.253110078852732
0.6410058782680226,-0.526699980329276,0.05,0.626555039426366,-1.253110078852732
0.6255727486499052,-0.53175012875076,0.05,0.626555039426366,-1.253110078852732
0.6097963353281992,-0.5361795760711475,0.05,0.5638995354837294,-1.1277990709674588
0.5969433926953702,-0.5368302096743433,0.05,0.5638995354837294,-1.1277990709674588
0.5841690778886386,-0.5332020312555877,0.05,0.5638995354837294,-1.1277990709674588
0.5675168108021122,-0.5324171493366393,0.05,0.5075095819353564,-1.015019163870713
0.5503874888242517,-0.532026530332471,0.05,0.5075095819353564,-1.015019163870713
0.5297789638071623,-0.535781715225788,0.05,0.5075095819353564,-1.015019163870713
0.505594588320141,-0.54243382903395,0.05,0.4567586237418208,-0.9135172474836416
0.492759345903027,-0.5312440753943181,0.05,0.4567586237418208,-0.9135172474836416
0.4806895666710371,-0.5156671102661597,0.05,0.4567586237418208,-0.9135172474836416
0.46597809001823964,-0.5006434372876506,0.05,0.4110827613676387,-0.8221655227352774
0.45856856790329503,-0.47092485724333605,0.05,0.4110827613676387,-0.8221655227352774
0.4520467422011897,-0.43428774928180613,0.05,0.4110827613676387,-0.8221655227352774
0.4381874968707905,-0.40693478071691674,0.05,0.4110827613676387,0.8221655227352774
0.43011267539310705,-0.3679806206263486,0.05,0.4110827613676387,0.8221655227352774
0.4206696142015785,-0.32642816739788744,0.05,0.4110827613676387,0.8221655227352774
0.4163027043297888,-0.27337037933336505,0.05,0.4110827613676387,0.8221655227352774
0.41178006330245703,-0.21322509656307,0.05,0.4110827613676387,0.8221655227352774
0.4082983460878273,-0.14912771241596337,0.05,0.4110827613676387,0.8221655227352774
0.40116322819439976,0.3245917712691772,0.05,0.4110827613676387,0.8221655227352774
0.39404808001812097,0.358599079946591,0.05,0.4110827613676387,0.8221655227352774
0.39224589800443466,0.39193621522065664,0.05,0.4110827613676387,0.8221655227352774
0.392128904266352,0.42452859969721896,0.05,0.4110827613676387,0.8221655227352774
0.39310213238362046,0.4539372733504202,0.05,0.4110827613676387,0.8221655227352774
0.3974553949846249,0.48200259201210943,0.05,0.4110827613676387,0.8221655227352774
0.40296126634639456,0.5234912009608164,0.05,0.4110827613676387,0.8221655227352774
0.40274788224495145,0.5232638998164175,0.05,0.4110827613676387,0.8221655227352774
0.4024478792647164,0.5223616068235463,0.05,0.4110827613676387,0.8221655227352774
0.4023225549568452,0.521770425826141,0.05,0.4110827613676387,0.8221655227352774
0.40230457834628774,0.5210887350388633,0.05,0.4110827613676387,0.8221655227352774
0.4026681255663122,0.5214066681768325,0.05,0.4110827613676387,0.8221655227352774
0.40311593364566406,0.5214271990630079,0.05,0.4110827613676387,0.8221655227352774
0.4033204230095247,0.5212452495619108,0.05,0.4110827613676387,0.8221655227352774
0.4034679382942705,0.5215320617057295,0.05,0.4110827613676387,0.8221655227352774
0.4036204233873371,0.5211478830633144,0.05,0.4110827613676387,0.8221655227352774
0.4032862588663051,0.5212704196221016,0.05,0.4110827613676387,0.8221655227352774
0.40361356103958035,0.5210183023366715,0.05,0.4110827613676387,0.8221655227352774
0.4034831159696724,0.5222841626531878,0.05,0.4110827613676387,0.8221655227352774
0.4033816896539392,0.5221635560337121,0.05,0.4110827613676387,0.8221655227352774
0.40311230169135964,0.5224658369786762,0.05,0.4110827613676387,0.8221655227352774
0.40365439426813865,0.5226045790515248,0.05,0.4110827613676387,0.8221655227352774
0.40377041728763047,0.5232254098360657,0.05,0.4110827613676387,0.8221655227352774
0.40429295992084313,0.5223887314624959,0.05,0.4110827613676387,0.8221655227352774
0.4040581117005424,0.5219454196221017,0.05,0.4110827613676387,0.8221655227352774
0.4029844952553527,0.5213684773019885,0.05,0.4110827613676387,0.8221655227352774
0.4032658375652672,0.5217391370431299,0.05,0.4110827613676387,0.8221655227352774
0.4032772889023998,0.5212954221952004,0.05,0.4110827613676387,0.8221655227352774
0.40258874536545824,0.5221746003266533,0.05,0.4110827613676387,0.8221655227352774
0.40230454534609056,0.5222818174226337,0.05,0.4110827613676387,0.8221655227352774
0.40184228320736276,0.5223133437447844,0.05,0.4110827613676387,0.8221655227352774
0.4016477117482268,0.522475,0.05,0.4110827613676387,0.8221655227352774
0.4020214749359242,0.5223239464743399,0.05,0.4110827613676387,0.8221655227352774
0.4026202456876513,0.5216617974179552,0.05,0.4110827613676387,0.8221655227352774
0.4148971254708435,0.4054164443570305,0.05,0.4110827613676387,-0.8221655227352774
0.41709662883845133,0.36793855259393476,0.05,0.4110827613676387,-0.8221655227352774
0.4189795795384102,0.3258249862905918,0.05,0.4110827613676387,-0.8221655227352774
0.4153022775771014,0.28400609062622945,0.05,0.4110827613676387,-0.8221655227352774
0.41324332357744903,0.23306846872354886,0.05,0.4110827613676387,-0.8221655227352774
0.4133214632707072,0.1704075997806495,0.05,0.4110827613676387,-0.8221655227352774
0.41888559332641895,-0.370825270018955,0.05,0.4110827613676387,0.0
0.4152694197040694,-0.3442160848207366,0.05,0.4110827613676387,0.0
0.41418989074458196,-0.31552397003075605,0.05,0.4110827613676387,0.0
0.41583407245806664,-0.2828033010264297,0.05,0.4110827613676387,0.0
0.41128108012255027,-0.26346472450050074,0.05,0.4110827613676387,0.0
0.4090693818249011,-0.24671580664965906,0.05,0.4110827613676387,0.0
0.4065502110107055,-0.22865645370878138,0.05,0.4110827613676387,-0.8221655227352774
0.40615,-0.23058678747675582,0.05,0.4110827613676387,-0.8221655227352774
0.40475090094384597,-0.2351854967108399,0.05,0.4110827613676387,-0.8221655227352774
0.40301787059665023,-0.24648182869404542,0.05,0.4110827613676387,-0.8221655227352774
0.39888370191104067,-0.26676083320418215,0.05,0.4110827613676387,-0.8221655227352774
0.3977219360261332,-0.2856173585445528,0.05,0.4110827613676387,-0.8221655227352774
0.4066724363712225,-0.3230243741431722,0.05,0.4110827613676387,0.0
0.40555111938964056,-0.32481309232878347,0.05,0.4110827613676387,0.0
0.40925459447054063,-0.31493232283793127,0.05,0.4110827613676387,0.0
0.4107116882420255,-0.3002208702856053,0.05,0.4110827613676387,0.0
0.4115772942943659,-0.27812570873369735,0.05,0.4110827613676387,0.0
0.4125775755498599,-0.2497986189426,0.05,0.4110827613676387,0.0
0.3979135286649262,-0.12532477468617,0.05,0.4110827613676387,-0.8221655227352774
0.3970857194373249,-0.15274593997734992,0.05,0.4110827613676387,-0.8221655227352774
0.3919927161318011,-0.18710399122597873,0.05,0.4110827613676387,-0.8221655227352774
0.393675,-0.20788130178467115,0.05,0.4110827613676387,-0.8221655227352774
0.3966162665863923,-0.22384344591614108,0.05,0.4110827613676387,-0.8221655227352774
0.39881466075324584,-0.2344380822513919,0.05,0.4110827613676387,-0.8221655227352774
0.4103610278602339,-0.23571102786023387,0.05,0.4110827613676387,0.0
0.4141780943411971,-0.23325412578826277,0.05,0.4110827613676387,0.0
0.4140693806396243,-0.23504822482209478,0.05,0.4110827613676387,0.0
0.4171120414635019,-0.22734013721820195,0.05,0.4110827613676387,0.0
0.41628255069561176,-0.22017494516171332,0.05,0.4110827613676387,0.0
0.4181817314569773,-0.20317693566268508,0.05,0.4110827613676387,0.0
0.4180688198898453,-0.09733962292267709,0.05,0.4110827613676387,-0.8221655227352774
0.4127586844959946,-0.126421727779897,0.05,0.4110827613676387,-0.8221655227352774
0.402563696564385,-0.16880796676441834,0.05,0.4110827613676387,-0.8221655227352774
0.4048555021755976,-0.19683003010073313,0.05,0.4110827613676387,-0.8221655227352774
0.3994356852915932,-0.23592471687091698,0.05,0.4110827613676387,-0.8221655227352774
0.39910569796833273,-0.26729787801650134,0.05,0.4110827613676387,-0.8221655227352774
0.4079086734693878,-0.3457433673469388,0.05,0.4110827613676387,0.0
0.41113164586388184,-0.3311409731411609,0.05,0.4110827613676387,0.0
0.40931938884981706,-0.3180496069304216,0.05,0.4110827613676387,0.0
0.41240751651128976,-0.28759398202236475,0.05,0.4110827613676387,0.0
0.414380092272478,-0.25464586323645116,0.05,0.4110827613676387,0.0
0.4146040995136372,-0.22168521361815755,0.05,0.4110827613676387,0.0
0.3259250131131907,-0.0010431057400011761,0.05,-0.4110827613676387,0.0
0.29950445508846396,-0.0016601998783918961,0.05,-0.4110827613676387,0.0
0.2700257703907684,-0.001574999999999984,0.05,-0.4110827613676387,0.0
0.23402873939538776,-0.001514775062731493,0.05,-0.4110827613676387,0.0
0.19270843088054743,-0.0019269850162710973,0.05,-0.4110827613676387,0.0
0.14678067979972584,-0.002571395660725978,0.05,-0.4110827613676387,0.0
-0.4182073998140511,0.0009750000000000158,0.05,-0.45219103750440265,0.0
-0.4215901992345387,0.0002924983009622077,0.05,-0.45219103750440265,0.0
-0.4248644108109397,-5.9215765755009323e-05,0.05,-0.45219103750440265,0.0
-0.4278495127199466,-1.1164822850587388e-05,0.05,-0.45219103750440265,0.0
-0.4311505871623072,-0.0004769605856124213,0.05,-0.45219103750440265,0.0
-0.43427466618667365,-0.0007999999999999842,0.05,-0.45219103750440265,0.0
-0.4456565434681543,-0.0938983960948396,0.05,-0.45219103750440265,-0.9043820750088053
-0.44581156419820767,-0.12782099967823432,0.05,-0.45219103750440265,-0.9043820750088053
-0.44622693529544993,-0.16290911889520676,0.05,-0.45219103750440265,-0.9043820750088053
-0.4469881248286304,-0.19660776766448507,0.05,-0.45219103750440265,-0.9043820750088053
-0.4473861719057326,-0.22922754175160032,0.05,-0.45219103750440265,-0.9043820750088053
-0.44754539255656484,-0.2613954944806046,0.05,-0.45219103750440265,-0.9043820750088053
-0.40607675299517193,-0.43052138731596834,0.05,0.45219103750440265,0.0
-0.3875111976062181,-0.3997986707834629,0.05,0.45219103750440265,0.0
-0.3640907488763576,-0.36992247463608297,0.05,0.45219103750440265,0.0
-0.339140792046159,-0.33835790764627344,0.05,0.45219103750440265,0.0
-0.31073326727066813,-0.30547092865232167,0.05,0.45219103750440265,0.0
-0.28009818497192523,-0.27370740734117754,0.05,0.45219103750440265,0.0
0.3478782040507355,0.1267025323057483,0.05,-0.45219103750440265,0.9043820750088053
0.3179572877425969,0.15777489926565258,0.05,-0.45219103750440265,0.9043820750088053
0.28206801258896314,0.18737188315868533,0.05,-0.45219103750440265,0.9043820750088053
0.24034990939437292,0.21739808536003816,0.05,-0.45219103750440265,0.9043820750088053
0.19588292303473928,0.24930175782647052,0.05,-0.45219103750440265,0.9043820750088053
0.14843793556654947,0.2810654270727782,0.05,-0.45219103750440265,0.9043820750088053
-0.3928442459229412,0.41140990713366077,0.05,0.45219103750440265,0.0
-0.37160451456773635,0.381578599911783,0.05,0.45219103750440265,0.0
-0.3469089993920538,0.3495135795515503,0.05,0.45219103750440265,0.0
-0.31911429942418423,0.3171211800050071,0.05,0.45219103750440265,0.0
-0.2884855233886126,0.2851516057365153,0.05,0.45219103750440265,0.0
-0.25490528540092033,0.2513571755561384,0.05,0.45219103750440265,0.0
0.4368054305843645,0.1271317848031853,0.05,0.45219103750440265,0.9043820750088053
0.4428673894902485,0.16283662677030186,0.05,0.45219103750440265,0.9043820750088053
0.4461463736067235,0.19566510311736307,0.05,0.45219103750440265,0.9043820750088053
0.4465638686566453,0.22802347562792807,0.05,0.45219103750440265,0.9043820750088053
0.4455351432862865,0.2599915738842266,0.05,0.45219103750440265,0.9043820750088053
0.4431855184725982,0.29247311876348636,0.05,0.45219103750440265,0.9043820750088053
0.35503613329677663,0.5229273179715812,0.05,-0.45219103750440265,0.9043820750088053
0.3253925325759111,0.5226630211251655,0.05,-0.45219103750440265,0.9043820750088053
0.2905287597458335,0.5230286551345938,0.05,-0.45219103750440265,0.9043820750088053
0.2505716097654015,0.521733385883559,0.05,-0.45219103750440265,0.9043820750088053
0.20702058746393917,0.5208435418305796,0.05,-0.45219103750440265,0.9043820750088053
0.1596639295890509,0.5207130381263487,0.05,-0.45219103750440265,0.9043820750088053
-0.31965519567990275,0.40440110923027406,0.05,0.45219103750440265,0.0
-0.31843960499022456,0.37343055767488437,0.05,0.45219103750440265,0.0
-0.3087633891849361,0.34272334859268266,0.05,0.45219103750440265,0.0
-0.2926357383410424,0.31128136951027613,0.05,0.45219103750440265,0.0
-0.26985028013875806,0.27873855662975194,0.05,0.45219103750440265,0.0
-0.2392063470066519,0.2460697524020695,0.05,0.45219103750440265,0.0
0.3700141562064156,0.10119065550906556,0.05,0.0,0.9043820750088053
0.34866230598669623,0.13241548828171565,0.05,0.0,0.9043820750088053
0.3223196112263386,0.16443568576264722,0.05,0.0,0.9043820750088053
0.29355602267443937,0.19633267944637176,0.05,0.0,0.9043820750088053
0.2631666693488782,0.2284462326848342,0.05,0.0,0.9043820750088053
0.23258803198464545,0.26029061233369893,0.05,0.0,0.9043820750088053
0.064983654809022,0.3958704663583043,0.05,0.45219103750440265,0.0
0.08578472103004293,0.3650577896995708,0.05,0.45219103750440265,0.0
0.11108173110165351,0.33286425378205364,0.05,0.45219103750440265,0.0
0.13941452350297442,0.3008073688947701,0.05,0.45219103750440265,0.0
0.16839431564828616,0.26865707332339794,0.05,0.45219103750440265,0.0
0.4503995314958753,0.08286518614992133,0.05,0.45219103750440265,0.9043820750088053
0.44933432020549996,0.11732779194926872,0.05,0.45219103750440265,0.9043820750088053
0.4494694852064658,0.15064008886849137,0.05,0.45219103750440265,0.9043820750088053
0.4494587085583491,0.18453564876077397,0.05,0.45219103750440265,0.9043820750088053
0.44937331776035094,0.21723663534193027,0.05,0.45219103750440265,0.9043820750088053
0.44939999999999997,0.24948341161604123,0.05,0.45219103750440265,0.9043820750088053
0.45720827988650997,0.3978448583758524,0.05,0.45219103750440265,-0.9043820750088053
0.4582291919505014,0.3594579910826051,0.05,0.45219103750440265,-0.9043820750088053
0.4572217338825044,0.3189910984216299,0.05,0.45219103750440265,-0.9043820750088053
0.45426614235647533,0.27100706775700933,0.05,0.45219103750440265,-0.9043820750088053
0.4529582630907531,0.21219895530306646,0.05,0.45219103750440265,-0.9043820750088053
0.45218219432821943,0.14992316722097057,0.05,0.45219103750440265,-0.9043820750088053
0.4580562625166889,-0.3996532459946595,0.05,0.45219103750440265,0.0
0.459358675853519,-0.36698338737364106,0.05,0.45219103750440265,0.0
0.46040506246870605,-0.33385019432059315,0.05,0.45219103750440265,0.0
0.45941595021815324,-0.30441595349641176,0.05,0.45219103750440265,0.0
0.4619473435147343,-0.2702659090365909,0.05,0.45219103750440265,0.0
0.46056400214592275,-0.2406393508583691,0.05,0.45219103750440265,0.0
0.3811888211382114,-0.00013678861788615884,0.05,0.0,0.0
0.35747077212895845,0.0022356090232735796,0.05,0.0,0.0
0.33656542890520696,0.011631326292199142,0.05,0.0,0.0
0.3083927248992633,0.010569654991535749,0.05,0.0,0.0
0.28096968398340644,0.010892039981880621,0.05,0.0,0.0
0.25240264160278497,0.010240663932569555,0.05,0.0,0.0
0.06222077968526468,0.0037913090128755566,0.05,0.45219103750440265,0.0
0.07902568306988056,0.0034008785733018825,0.05,0.45219103750440265,0.0
0.10186035341796294,0.003053988318731768,0.05,0.45219103750440265,0.0
0.12885969044695336,0.0024485488024416323,0.05,0.45219103750440265,0.0
0.15916405611119722,0.002426454933422362,0.05,0.45219103750440265,0.0
0.30979020960474873,-0.12050161688280726,0.05,0.0,-0.9043820750088053
0.29769477702678543,-0.15228112237599684,0.05,0.0,-0.9043820750088053
0.28179016498974774,-0.18525057966954364,0.05,0.0,-0.9043820750088053
0.26468753233593617,-0.21614553704476366,0.05,0.0,-0.9043820750088053
0.2450760255967,-0.2464790093945969,0.05,0.0,-0.9043820750088053
0.2203886424322617,-0.280124452550394,0.05,0.0,-0.9043820750088053
0.06571537954916616,-0.5207367953486154,0.05,0.45219103750440265,-0.9043820750088053
0.08677829457364342,-0.52076250729349,0.05,0.45219103750440265,-0.9043820750088053
0.11110928045204206,-0.5202070765681996,0.05,0.45219103750440265,-0.9043820750088053
0.1390371645465492,-0.5209284156344258,0.05,0.45219103750440265,-0.9043820750088053
0.16695970727084153,-0.5213566145702944,0.05,0.45219103750440265,-0.9043820750088053
0.19481725115347476,-0.5209784738366894,0.05,0.45219103750440265,-0.9043820750088053
0.36312453412261253,-0.40301548632472517,0.05,0.0,0.0
0.34648130476247246,-0.3541685864576503,0.05,0.0,0.0
0.3171148140421981,-0.32356158362140897,0.05,0.0,0.0
0.28968414190002745,-0.29015436113396037,0.05,0.0,0.0
0.26171019687432945,-0.2580302061726629,0.05,0.0,0.0
0.233469803909882,-0.22563458964119681,0.05,0.0,0.0
-0.07201351367462266,0.007375000000000023,0.05,-0.45219103750440265,0.0
-0.09689253957752186,0.006226309813318097,0.05,-0.45219103750440265,0.0
-0.12400370651837014,0.0060240198006819,0.05,-0.45219103750440265,0.0
-0.15312113007248104,0.00590808318630492,0.05,-0.45219103750440265,0.0
-0.18397105376087733,0.004420878531410202,0.05,-0.45219103750440265,0.0
-0.21445990898362063,0.0026411898290537384,0.05,-0.45219103750440265,0.0
-0.39109711347027337,0.09335329723060051,0.05,0.45219103750440265,0.9043820750088053
-0.372144756088838,0.12274757608812277,0.05,0.45219103750440265,0.9043820750088053
-0.349989179411379,0.1558030962796963,0.05,0.45219103750440265,0.9043820750088053
-0.32493238202823216,0.1899866710978111,0.05,0.45219103750440265,0.9043820750088053
-0.29808149346779195,0.22312360743575074,0.05,0.45219103750440265,0.9043820750088053
-0.2677638974951738,0.25611596737291165,0.05,0.45219103750440265,0.9043820750088053
0.4635528993109368,0.3833309655229966,0.05,0.45219103750440265,-0.9043820750088053
0.46483365715852343,0.3424101200338527,0.05,0.45219103750440265,-0.9043820750088053
0.46142458840990913,0.3022548621873585,0.05,0.45219103750440265,-0.9043820750088053
0.45722778055933055,0.25843728333690963,0.05,0.45219103750440265,-0.9043820750088053
0.4556790758180843,0.20141455832389585,0.05,0.45219103750440265,-0.9043820750088053
0.455989475801645,0.13835143580879727,0.05,0.45219103750440265,-0.9043820750088053
0.46551605522905815,-0.40751812706378815,0.05,0.45219103750440265,0.0
0.46220502479614706,-0.3823684176958657,0.05,0.45219103750440265,0.0
0.46254711983214913,-0.34823246268656716,0.05,0.45219103750440265,0.0
0.46557352925398754,-0.3121388920678063,0.05,0.45219103750440265,0.0
0.4674028836754644,-0.27751119912738714,0.05,0.45219103750440265,0.0
0.4659222026867558,-0.24703627477858703,0.05,0.45219103750440265,0.0
0.37127525184187316,-0.0021553846474809627,0.05,-0.45219103750440265,0.0
0.34291028107566873,-0.0027357656272349942,0.05,-0.45219103750440265,0.0
0.311864090443035,-0.0028196248032810113,0.05,-0.45219103750440265,0.0
0.27751182939914165,-0.0027726293514544363,0.05,-0.45219103750440265,0.0
0.23825414943076836,-0.003531638850807631,0.05,-0.45219103750440265,0.0
0.19364754479453528,-0.0036821134794892663,0.05,-0.45219103750440265,0.0
-0.4514636283439035,0.08859949215583428,0.05,-0.45219103750440265,0.9043820750088053
-0.45061661759446897,0.11752015079270477,0.05,-0.45219103750440265,0.9043820750088053
-0.4491683363335081,0.15266857624815225,0.05,-0.45219103750440265,0.9043820750088053
-0.44778427758240447,0.1907107402992192,0.05,-0.45219103750440265,0.9043820750088053
-0.4467939733686193,0.22670570923634462,0.05,-0.45219103750440265,0.9043820750088053
-0.44629633826492293,0.260997285738129,0.05,-0.45219103750440265,0.9043820750088053
-0.4562895736970101,0.40164309403461923,0.05,-0.45219103750440265,-0.9043820750088053
-0.4580834145934412,0.3602462205109254,0.05,-0.45219103750440265,-0.9043820750088053
-0.4538649472460658,0.32155868919885555,0.05,-0.45219103750440265,-0.9043820750088053
-0.4505314807419505,0.27375990767341785,0.05,-0.45219103750440265,-0.9043820750088053
-0.44936663308494784,0.21786096184798812,0.05,-0.45219103750440265,-0.9043820750088053
-0.4492363296616837,0.1550767040984193,0.05,-0.45219103750440265,-0.9043820750088053
-0.45893709986051007,-0.4070850513251547,0.05,-0.45219103750440265,0.0
-0.45827910929919297,-0.3777304700258675,0.05,-0.45219103750440265,0.0
-0.4603880439188384,-0.3428353395245702,0.05,-0.45219103750440265,0.0
-0.45705938442555527,-0.3161396987994897,0.05,-0.45219103750440265,0.0
-0.4567789975322771,-0.28456539614701426,0.05,-0.45219103750440265,0.0
-0.45760156831187415,-0.25151294349070097,0.05,-0.45219103750440265,0.0
-0.3805734028539412,0.10922471806303945,0.05,0.0,0.9043820750088053
-0.35850191301289847,0.13811722844097946,0.05,0.0,0.9043820750088053
-0.33278959706741373,0.16708478065208324,0.05,0.0,0.9043820750088053
-0.3048005489854796,0.19702809482368092,0.05,0.0,0.9043820750088053
-0.2766203556016498,0.22933200951291038,0.05,0.0,0.9043820750088053
-0.24817565805159503,0.2627173015712175,0.05,0.0,0.9043820750088053
0.0682972127180172,-0.3921727411451938,0.05,0.45219103750440265,0.0
0.09113284774212008,-0.3600526465118497,0.05,0.45219103750440265,0.0
0.11720717759816895,-0.32790840903130436,0.05,0.45219103750440265,0.0
0.1447933488125328,-0.2962949979731985,0.05,0.45219103750440265,0.0
0.17380457389749704,-0.2638149135876042,0.05,0.45219103750440265,0.0
0.20517415413869983,-0.22968553004923756,0.05,0.45219103750440265,0.0
0.39263699513614037,-0.14079928830289445,0.05,0.45219103750440265,-0.9043820750088053
0.41088883941344784,-0.160907700286123,0.05,0.45219103750440265,-0.9043820750088053
0.4259508226429492,-0.18827449329963275,0.05,0.45219103750440265,-0.9043820750088053
0.4386533154111182,-0.21854902898153336,0.05,0.45219103750440265,-0.9043820750088053
0.4479479847650383,-0.250277871754524,0.05,0.45219103750440265,-0.9043820750088053
0.4529613829520937,-0.28258112595806556,0.05,0.45219103750440265,-0.9043820750088053
0.37138523850694655,-0.41299893238328067,0.05,0.0,0.0
0.3501414536741214,-0.37152010663535356,0.05,0.0,0.0
0.3245826046658561,-0.33540784159454495,0.05,0.0,0.0
0.29695193648750134,-0.30246732378500163,0.05,0.0,0.0
0.2685396159164601,-0.26916530433435054,0.05,0.0,0.0
0.24050204444126555,-0.23566788439072073,0.05,0.0,0.0
-0.0722920507104711,0.006794137421323692,0.05,-0.45219103750440265,0.0
-0.0975556626491661,0.005708658190574988,0.05,-0.45219103750440265,0.0
-0.12417154356455706,0.0026222066589579054,0.05,-0.45219103750440265,0.0
-0.15068544311719892,-0.0028953426200779434,0.05,-0.45219103750440265,0.0
-0.17462377509417767,-0.015544430403891066,0.05,-0.45219103750440265,0.0
-0.1962822439320967,-0.03509789262553047,0.05,-0.45219103750440265,0.0
-0.24218649804496575,-0.11543338220918864,0.05,0.0,-0.9043820750088053
-0.24935136084022794,-0.14662013125581172,0.05,0.0,-0.9043820750088053
-0.25260104080975715,-0.17803339354054148,0.05,0.0,-0.9043820750088053
-0.2525253364645297,-0.20998233695328236,0.05,0.0,-0.9043820750088053
-0.24675613361072032,-0.24177390167862847,0.05,0.0,-0.9043820750088053
-0.23596091777245254,-0.27517735612861693,0.05,0.0,-0.9043820750088053
-0.0910948866955143,-0.39539134719689106,0.05,-0.45219103750440265,0.0
-0.11801124038862727,-0.36243528550992427,0.05,-0.45219103750440265,0.0
-0.1462379524104716,-0.3302971889752515,0.05,-0.45219103750440265,0.0
-0.17539782291232042,-0.2996606812898611,0.05,-0.45219103750440265,0.0
-0.20604753850188337,-0.2677642170886378,0.05,-0.45219103750440265,0.0
-0.23757809478678638,-0.23375462668240282,0.05,-0.45219103750440265,0.0
-0.4439787955743138,0.1081610642153707,0.05,-0.45219103750440265,0.9043820750088053
-0.4496552633461291,0.1405062653489426,0.05,-0.45219103750440265,0.9043820750088053
-0.45171062657956224,0.1766238984788518,0.05,-0.45219103750440265,0.9043820750088053
-0.45200584758896106,0.21071094087143116,0.05,-0.45219103750440265,0.9043820750088053
-0.45181916171947645,0.24437784135612622,0.05,-0.45219103750440265,0.9043820750088053
-0.4511941547952554,0.2791413473803422,0.05,-0.45219103750440265,0.9043820750088053
-0.39350897849334177,0.4146105265197125,0.05,0.45219103750440265,0.0
-0.3715712472879861,0.3852226235605465,0.05,0.45219103750440265,0.0
-0.34791197366538706,0.35347289376743524,0.05,0.45219103750440265,0.0
-0.3204914890383034,0.32108579807589144,0.05,0.45219103750440265,0.0
-0.289341129397599,0.2868895843516411,0.05,0.45219103750440265,0.0
-0.25629241422678933,0.25415303901816794,0.05,0.45219103750440265,0.0
0.40155544400991994,0.12044958150515073,0.05,0.45219103750440265,0.9043820750088053
0.41800440573404063,0.15490802974310072,0.05,0.45219103750440265,0.9043820750088053
0.4317929996900408,0.18805165589757042,0.05,0.45219103750440265,0.9043820750088053
0.4421414644905161,0.22098255403617117,0.05,0.45219103750440265,0.9043820750088053
0.4484890037313878,0.2534008061824208,0.05,0.45219103750440265,0.9043820750088053
0.4517540174047804,0.28654792930798123,0.05,0.45219103750440265,0.9043820750088053
0.37468453487817666,0.5251682448862823,0.05,-0.45219103750440265,0.9043820750088053
0.3468912827084699,0.5244004127674793,0.05,-0.45219103750440265,0.9043820750088053
0.31556266450897646,0.523082194585509,0.05,-0.45219103750440265,0.9043820750088053
0.27926000166903114,0.5221701973629309,0.05,-0.45219103750440265,0.9043820750088053
0.23965589415144725,0.521037447546612,0.05,-0.45219103750440265,0.9043820750088053
0.19652572243481992,0.5196812125222036,0.05,-0.45219103750440265,0.9043820750088053
-0.43814768850211594,0.3782800706324135,0.05,-0.45219103750440265,0.0
-0.45738141481092937,0.33932495142101,0.05,-0.45219103750440265,0.0
-0.4636790067713362,0.3121019485473815,0.05,-0.45219103750440265,0.0
-0.4705563065506348,0.27517657298682724,0.05,-0.45219103750440265,0.0
-0.468078406706721,0.2474200060200749,0.05,-0.45219103750440265,0.0
-0.4678730868974234,0.21419258098940014,0.05,-0.45219103750440265,0.0
-0.4445730195629627,-0.10005222899753224,0.05,-0.45219103750440265,-0.9043820750088053
-0.4439206584720301,-0.12419761254709331,0.05,-0.45219103750440265,-0.9043820750088053
-0.44368557864244335,-0.15531793833297566,0.05,-0.45219103750440265,-0.9043820750088053
-0.44399518894915657,-0.18931252786553018,0.05,-0.45219103750440265,-0.9043820750088053
-0.444125,-0.2238530579827625,0.05,-0.45219103750440265,-0.9043820750088053
-0.44428461852536216,-0.25863997317756454,0.05,-0.45219103750440265,-0.9043820750088053
-0.3831114863978828,-0.3737117295908636,0.05,0.45219103750440265,0.0
-0.3639546608805541,-0.34930624888231854,0.05,0.45219103750440265,0.0
-0.34171046531726446,-0.3262143391863057,0.05,0.45219103750440265,0.0
-0.31436003481039065,-0.3025492820356926,0.05,0.45219103750440265,0.0
-0.28329087013017973,-0.27326332047827956,0.05,0.45219103750440265,0.0
-0.24923853017965925,-0.2453851942036933,0.05,0.45219103750440265,0.0
0.05700987017786468,-0.2132003007128892,0.05,0.45219103750440265,-0.9043820750088053
0.1016516630108245,-0.2292956314672643,0.05,0.45219103750440265,-0.9043820750088053
0.14909281567402605,-0.25695706690191217,0.05,0.45219103750440265,-0.9043820750088053
0.19146572945973014,-0.2859702625053645,0.05,0.45219103750440265,-0.9043820750088053
0.37637870660674266,-0.42791474238233745,0.05,-0.45219103750440265,0.0
0.35348190336540186,-0.39527457798362003,0.05,-0.45219103750440265,0.0
0.3253169579419198,-0.3618669579419198,0.05,-0.45219103750440265,0.0
0.290914491816372,-0.3298797271925328,0.05,-0.45219103750440265,0.0
0.25133012457531145,-0.2972467053108422,0.05,-0.45219103750440265,0.0
0.20860296142429693,-0.26261055437672104,0.05,-0.45219103750440265,0.0
